family,trait_name,semantic_class,n_input_species,n_prune,n_bind,n_fail_to_bind,primary_resolvable_species,crosswalk_pass,hold_reason
Anacardiaceae,"diameter at breast height (1.3 m)",continuous_scalar,134,57,77,0,134,TRUE,
Annonaceae,"diameter at breast height (1.3 m)",continuous_scalar,322,190,132,0,322,TRUE,
Apocynaceae,"diameter at breast height (1.3 m)",continuous_scalar,217,81,136,0,217,TRUE,
Aquifoliaceae,"diameter at breast height (1.3 m)",continuous_scalar,42,25,17,0,42,TRUE,
Arecaceae,"diameter at breast height (1.3 m)",continuous_scalar,174,108,66,0,174,TRUE,
Betulaceae,"diameter at breast height (1.3 m)",continuous_scalar,24,20,4,0,24,TRUE,
Betulaceae,whole plant height,continuous_scalar,33,27,6,0,33,TRUE,
Bignoniaceae,"diameter at breast height (1.3 m)",continuous_scalar,221,37,184,0,221,TRUE,
Bignoniaceae,whole plant growth form,nominal_categorical,514,68,446,0,514,TRUE,
Burseraceae,"diameter at breast height (1.3 m)",continuous_scalar,143,76,67,0,143,TRUE,
Celastraceae,"diameter at breast height (1.3 m)",continuous_scalar,124,52,72,0,124,TRUE,
Chrysobalanaceae,"diameter at breast height (1.3 m)",continuous_scalar,143,35,108,0,143,TRUE,
Clusiaceae,"diameter at breast height (1.3 m)",continuous_scalar,138,61,77,0,138,TRUE,
Cupressaceae,"diameter at breast height (1.3 m)",continuous_scalar,26,24,2,0,26,TRUE,
Cupressaceae,whole plant height,continuous_scalar,37,30,7,0,37,TRUE,
Ericaceae,"diameter at breast height (1.3 m)",continuous_scalar,99,70,29,0,99,TRUE,
Euphorbiaceae,"diameter at breast height (1.3 m)",continuous_scalar,274,126,148,0,274,TRUE,
Fabaceae,whole plant growth form,nominal_categorical,5392,1503,3889,0,5392,TRUE,
Fabaceae,whole plant height,continuous_scalar,573,369,204,0,573,TRUE,
Fagaceae,"diameter at breast height (1.3 m)",continuous_scalar,130,74,56,0,130,TRUE,
Fagaceae,whole plant height,continuous_scalar,95,64,31,0,95,TRUE,
Juglandaceae,"diameter at breast height (1.3 m)",continuous_scalar,26,19,7,0,26,FALSE,PRUNE_ONLY_LT20
Juglandaceae,whole plant height,continuous_scalar,23,18,5,0,23,FALSE,PRUNE_ONLY_LT20
Lecythidaceae,"diameter at breast height (1.3 m)",continuous_scalar,116,56,60,0,116,TRUE,
Melastomataceae,"diameter at breast height (1.3 m)",continuous_scalar,268,141,127,0,268,TRUE,
Meliaceae,"diameter at breast height (1.3 m)",continuous_scalar,179,88,91,0,179,TRUE,
Moraceae,"diameter at breast height (1.3 m)",continuous_scalar,226,98,128,0,226,TRUE,
Moraceae,whole plant growth form,nominal_categorical,348,144,204,0,348,TRUE,
Moraceae,whole plant height,continuous_scalar,86,42,44,0,86,TRUE,
Myristicaceae,"diameter at breast height (1.3 m)",continuous_scalar,114,31,83,0,114,TRUE,
Myrtaceae,"diameter at breast height (1.3 m)",continuous_scalar,279,91,188,0,279,TRUE,
Nyctaginaceae,"diameter at breast height (1.3 m)",continuous_scalar,43,11,32,0,43,FALSE,PRUNE_ONLY_LT20
Oleaceae,whole plant height,continuous_scalar,35,17,18,0,35,FALSE,PRUNE_ONLY_LT20
Piperaceae,"diameter at breast height (1.3 m)",continuous_scalar,67,24,43,0,67,TRUE,
Rosaceae,whole plant height,continuous_scalar,312,185,127,0,312,TRUE,
Rubiaceae,"diameter at breast height (1.3 m)",continuous_scalar,566,171,395,0,566,TRUE,
Salicaceae,whole plant height,continuous_scalar,121,72,49,0,121,TRUE,
Sapindaceae,"diameter at breast height (1.3 m)",continuous_scalar,286,50,236,0,286,TRUE,
Sapindaceae,whole plant height,continuous_scalar,105,34,71,0,105,TRUE,
Sapotaceae,"diameter at breast height (1.3 m)",continuous_scalar,242,144,98,0,242,TRUE,
Urticaceae,"diameter at breast height (1.3 m)",continuous_scalar,77,20,57,0,77,TRUE,
Violaceae,"diameter at breast height (1.3 m)",continuous_scalar,59,37,22,0,59,TRUE,
Vitaceae,"diameter at breast height (1.3 m)",continuous_scalar,40,27,13,0,40,TRUE,
