source_id,domain,response_coverage,selection_priority,metadata_status,scale_snapshot,current_blocker,admission_role,source_identity,checked_on
BIEN_4_2,plant_traits,trait_time;trait_space,HOLD,JOINT_TIME_SPACE_HOLD_SPATIAL_INFORMATIVENESS,"BIEN 4.2.8; structural 73/37; semantic 43/34; crosswalk 39/31; temporal informativeness 24 systems/21 families; spatial informativeness confirms 11 independent family HOLDs","frozen final gate requires >=12 independent families; with 11 of 21 temporal-PASS families already spatial HOLD, absolute maximum final family count is 10; real trait turnover was never opened; no third trait source",terminal_primary_trait_hold,"BIEN 4.2.8; terminal result results/bien_spatial_informativeness_v0_4_3/result.json",2026-10-03
AUSTRAITS_OPEN_RELEASE,plant_traits,trait_time;trait_space,HOLD,JOINT_TIME_SPACE_HOLD_STRUCTURAL_SUPPORT,"AusTraits v7.0.0 pinned; integrity/schema PASS; corrected composite record key dataset_id+observation_id; 30,821 family x trait systems; 10 joint-support systems in 3 independent families","matched BIEN gate requires >=12 independent families under unchanged 20/8/20/5 and 25-km rules; corrected-key recheck still yields only Fabaceae, Myrtaceae, Proteaceae; no raw values or turnover outcomes opened",terminal_independent_trait_transport_hold,"AusTraits v7.0.0; Zenodo DOI 10.5281/zenodo.15718081; corrected result results/austraits_trait_support_v0_2_2/result.json",2026-10-01
TRY_V7_CURRENT_DOWNLOAD_HOLD,plant_traits,trait_time;trait_space,HOLD,SOURCE_ACCESS_HOLD,"22860407 trait records; 306701 plant taxa; about half georeferenced; >100000 measurement sites","TRY news reports data-request download currently unavailable after access-rights update on 2026-09-23",future_high_power_trait_source,"TRY v7 released 2026-09-04; https://www.try-db.org/",2026-09-29
MANGAL_CURATED_NETWORKS,biotic_interactions,interaction_space,HOLD,JOINT_TIME_SPACE_HOLD_SPECIES_RANK_SUPPORT,"live API: 175 public datasets, 1487 public networks; 17 spatial-support programmes; 13 taxonomy-ID support programmes; only 7 species-rank programmes","frozen joint gate required 12 programmes with >=20 unique and >=10 repeated species-rank taxa; only 7 passed; no interaction edges opened",spatial_validation_candidate_only,"Mangal API v2; https://mangal-interactions.github.io/mangal-api/",2026-09-29
GLOBI_STABLE_ZENODO,biotic_interactions,interaction_time;interaction_space,HOLD,JOINT_TIME_SPACE_HOLD_SOURCE_SEMANTICS,"record 22691479 v0.11; schema PASS; v0.4 92 systems/62 namespaces; v0.5.2 58 programme blocks/20 namespaces","pre-frozen semantic/provenance gate requires >=12 independent replicated ecological-network programmes; 9 of 20 are decisively ineligible so the absolute maximum is 11; no interaction turnover outcome opened",terminal_primary_interaction_hold,"GloBI stable archive DOI 10.5281/zenodo.3950589; result results/globi_source_semantic_v0_5_3/result.json",2026-09-30
VPHYLOMAKER2_GBOTB,phylogeny,trait_time_support,HOLD,UPSTREAM_TRAIT_ROUTE_TERMINAL_HOLD,"V.PhyloMaker2 source/crosswalk and temporal informativeness passed; 24 systems/21 families passed both S3 and prune-only geometry gates","no real trait-time effect is opened because the joint trait route fails the independent spatial informativeness requirement before outcome opening",unused_after_terminal_joint_trait_hold,"Jin & Qian 2022 DOI 10.1016/j.pld.2022.05.005; terminal trait result results/bien_spatial_informativeness_v0_4_3/result.json",2026-10-03
OPENTREE_16_1,taxonomy_phylogeny,crosswalk_support,P2,SYNTHETIC_TREE_AVAILABLE,"release v16.1 reports 2385875 tips; 159925 tips from phylogeny","not a calibrated-time default; use for taxonomy/crosswalk unless source-specific branch lengths meet temporal contract",broad_taxonomic_crosswalk,"Open Tree synthetic tree DOI 10.5281/zenodo.3937741; release v16.1",2026-09-29
CHUN_FCP_FLOWER_COLOUR,motivating_anchor,trait_time;trait_space,ANCHOR,OUTCOMES_ALREADY_OPEN,"CHUN temporal and FCP spatial results already established","may motivate estimator and hypotheses but cannot count as generalized prospective evidence",proof_of_concept_only,"zuizui0223/chun + zuizui0223/fcp",2026-09-29
IWE_INTERACTION_WINDOW,interaction_context,interaction_type_predictor,ANCHOR,OUTCOMES_ALREADY_OPEN,"mutualist / antagonist / mixed timing-fitness evidence programme","not a four-response network dataset; may inform biological moderator definitions only",conceptual_interaction_anchor,"zuizui0223/iwe",2026-09-29
